date,n,n_tradable,top1_code,top1_true,top1_pred_gap,best_true_all,best_true_tradable,regret_vs_best_tradable,top3_mean,top5_mean,score_std,score_max_prob,score_entropy,hit_top1_in_true10,hit_top1_in_true20,overlap_pred10_true10,overlap_pred10_true20,overlap_pred20_true10,overlap_pred20_true20
2020-01-02,2315,2313,SH600223,-0.10027473,0.003277450000000015,0.21426347,0.21426347,0.3145382,-0.005123871000000002,-0.0112469088,0.00455748955083097,0.0004460207015406803,7.747154551675257,0,0,0,0,0,0
2020-01-03,2341,2339,SH600654,0.11380075,0.006209829999999972,0.24561404,0.24561404,0.13181329,0.02214385766666667,0.0487359286,0.004774420828275606,0.00044512125389301304,7.7583220211741075,0,0,0,3,1,4
2020-01-06,2379,2378,SH600652,-0.0042971647,0.00784923999999998,0.25877863,0.25877863,0.26307579470000003,0.03798238976666667,0.044886709260000004,0.004764319629350235,0.00043843544284663717,7.774424103232218,0,0,0,0,1,1
2020-01-07,2420,2420,SH600654,0.059312217,0.00899013999999998,0.23354565,0.23354565,0.174233433,0.005485880000000001,0.00978352964,0.004866512545673793,0.0004345765772106308,7.791510906578738,0,0,0,1,0,2
2020-01-08,2448,2447,SH600654,-0.19037542,0.030794260000000073,0.19371197,0.19371197,0.38408739000000003,-0.09116752666666667,-0.0693797794,0.004890659444653527,0.00043480864619905766,7.803014615336726,0,0,0,0,0,0
2020-01-09,2459,2459,SZ002323,-0.11696523,0.00019919999999995497,0.1488686,0.1488686,0.26583383,-0.046836196,-0.0695929536,0.004630465924811081,0.0004247648931891502,7.807499270061951,0,0,0,0,0,0
2020-01-10,2478,2478,SH600634,-0.07175295,0.002578999999999998,0.21729682,0.21729682,0.28904977,-0.020939316333333333,0.0090603128,0.00457814811812966,0.0004188218994475259,7.815196539528329,0,0,0,0,0,1
2020-01-13,2489,2489,SH600634,0.009784736,0.012361559999999994,0.19297597,0.19297597,0.183191234,-0.015783336666666665,-0.042944322,0.004241548012008356,0.00041776643469751553,7.819627273619195,0,0,0,0,0,0
2020-01-14,2494,2494,SH600634,-0.029069768,0.011896259999999992,0.17410803,0.17410803,0.203177798,0.005321774000000006,-0.03349749219999999,0.004468050699491714,0.0004167586667048909,7.821633117598925,0,0,2,2,2,2
2020-01-15,2494,2494,SH600634,-0.08982036,0.010323899999999941,0.24234173,0.24234173,0.33216209,-0.08463749920000001,-0.06261978712,0.004044139077555164,0.00041598830207955555,7.821634931142796,0,0,0,0,2,3
2020-01-16,2497,2496,SH600634,-0.010964912,0.007786049999999989,0.30610237,0.30610237,0.317067282,-0.02439190066666667,-0.009879895600000002,0.004272450660291719,0.00041613321864776174,7.8228361474888395,0,0,0,0,0,0
2020-01-17,2496,2491,SH600550,0.0,0.0004169900000000615,0.15641026,0.15641026,0.15641026,-0.019644904,-0.0291302972,0.004088587937878372,0.00041033816416570696,7.822436354643937,0,0,0,0,0,0
2020-01-20,2492,2488,SH600609,-0.0096381465,2.2399999999977993e-05,0.1780822,0.1780822,0.1877203465,0.013889503833333336,-0.009418642699999999,0.00407615734188737,0.00041073389666941855,7.820832548333871,0,0,1,2,1,4
2020-01-21,2497,2494,SH600186,0.025125628,0.024679499999999965,0.1668196,0.1668196,0.141693972,0.011901844666666668,-0.002351890199999999,0.004618762541323394,0.00042912592833266566,7.822834545730198,0,0,0,0,0,0
2020-01-22,2508,2508,SZ000670,-0.2987805,0.0013543000000000305,0.27113062,0.27113062,0.56991112,-0.06444358833333333,-0.11774174099999998,0.004755260408324071,0.00041594605561322333,7.827229559470352,0,0,3,3,6,6
2020-01-23,2517,2509,SZ000670,-0.22463769,0.005818499999999949,0.29108116,0.29108116,0.5157188500000001,-0.15653304066666665,-0.09117689539999999,0.005114463699073779,0.0004173622261538595,7.8308099021100865,0,0,0,0,0,0
2020-02-03,2513,2511,SZ002950,-0.0007197697,0.007131600000000016,0.47577348,0.47577348,0.4764932497,0.011612692833333332,0.031959083699999995,0.008391168120579095,0.0004225786945294846,7.829197286711398,0,0,0,0,0,0
2020-02-04,2527,2521,SZ000670,0.030797102,0.015183089999999955,0.20853008,0.20853008,0.177732978,0.08560352733333333,0.1112449464,0.008649121586338349,0.000431195200091482,7.834750685012524,0,0,1,2,1,4
2020-02-05,2535,2530,SZ000670,0.2741652,0.004114500000000021,0.3300305,0.3300305,0.05586530000000001,0.14922634999999998,0.128152496,0.007367998910673341,0.00043900841376487144,7.837921398076306,1,1,1,1,2,3
2020-02-06,2537,2527,SZ000670,0.26206896,0.002024640000000022,0.30593607,0.30593607,0.04386710999999999,0.13198145866666666,0.11780927000000001,0.006959710861619027,0.0004373185354707252,7.838712917472584,1,1,1,1,1,1
2020-02-07,2533,2525,SZ000670,0.30273223,0.00858053000000003,0.30273223,0.30273223,0.0,0.12518803766666667,0.029030734599999997,0.006722792429231291,0.0004282784942892459,7.837136784638814,1,1,1,1,1,1
2020-02-10,2531,2527,SZ000816,0.0,0.02087539999999999,0.1611479,0.1611479,0.1611479,-0.066862668,-0.1000750748,0.007580719893222805,0.0004341400861730319,7.836340713279396,0,0,1,1,1,1
2020-02-11,2523,2521,SZ000816,0.060606062,0.02273547000000009,0.22988346,0.22988346,0.16927739800000002,0.07130916066666666,0.05359060040000001,0.006857440680231662,0.0004357357296877799,7.833180204051528,0,0,1,1,1,1
2020-02-12,2508,2506,SZ000670,0.07996324,0.03346037000000002,0.1790201,0.1790201,0.09905685999999998,0.022107580999999998,-0.006167181400000002,0.006384453069197726,0.00042999876073714896,7.827220418065985,0,0,0,0,0,0
2020-02-13,2493,2493,SZ000670,-0.07404255,0.017792559999999957,0.2599837,0.2599837,0.33402624999999997,-0.03799820466666667,-0.030281567399999997,0.0060300464077698915,0.0004265006467861813,7.8212237901606105,0,0,1,1,2,2
2020-02-14,2481,2481,SZ000670,-0.03125,0.019552449999999943,0.20727775,0.20727775,0.23852775,0.05510908733333333,0.05147333839999999,0.005894524219470859,0.00042663142529267685,7.816399521180181,0,0,2,2,2,2
2020-02-17,2481,2478,SZ000670,-0.03320683,0.001601440000000065,0.22248298,0.22248298,0.25568981,-0.010490903666666667,0.0028948057999999997,0.006118401341620975,0.00042224012502420035,7.8163981752997245,0,0,0,1,0,1
2020-02-18,2483,2481,SZ002328,0.041457858,0.0006917699999999805,0.22334455,0.22334455,0.18188669200000002,0.033413479333333336,0.0173033918,0.005539282547141872,0.00041819249141594587,7.817207380907936,0,0,0,0,0,0
2020-02-19,2483,2482,SZ002255,0.09292503,0.0035242400000000673,0.18490346,0.18490346,0.09197842999999999,0.022783096333333336,-0.0033301021999999985,0.005775215741258276,0.0004197123424170899,7.817206040136444,0,0,0,0,0,1
2020-02-20,2493,2492,SZ002613,0.080330774,0.000558699999999912,0.38101432,0.38101432,0.300683546,0.013124276999999997,0.015846791199999998,0.005926421069606595,0.00041653265273722154,7.821224455986245,0,0,0,0,1,1
2020-02-21,2509,2504,SZ002125,-0.12619808,0.0003312999999999233,0.19409513,0.19409513,0.32029321,-0.018991537666666666,-0.034042266599999996,0.0057105518262210424,0.0004135303261600625,7.827623185813929,0,0,0,0,1,1
2020-02-24,2530,2526,SZ000670,0.051030423,0.014744160000000006,0.3345213,0.3345213,0.28349087700000003,0.08261852266666665,0.0986214296,0.0059886301699626525,0.00041538669795563026,7.835956572855491,0,0,0,0,0,0
2020-02-25,2541,2539,SH600156,-0.1948718,0.008507229999999977,0.20888963,0.20478413,0.39965593,-0.15515201166666667,-0.089893559,0.0062741161263387525,0.0004134917512450808,7.84029320838189,0,0,0,0,0,0
2020-02-26,2559,2558,SZ000670,-0.058723405,0.019305860000000008,0.18637554,0.18637554,0.245098945,0.0010836250000000047,0.008877080000000002,0.006544577680855389,0.0004145753270799749,7.847350327477752,0,0,2,2,5,5
2020-02-27,2568,2568,SZ000670,-0.11030742,0.007944500000000021,0.3352794,0.3352794,0.44558682,-0.02541783666666667,-0.0065076386000000016,0.006237241605604245,0.00041244953009459176,7.85086312204319,0,0,1,2,2,3
2020-02-28,2587,2585,SZ000670,0.07113821,0.016266000000000003,0.25764707,0.25764707,0.18650886,0.023623880666666663,0.056756840399999994,0.006863614900669425,0.0004106146322299659,7.858230500805906,0,0,0,0,0,0
2020-03-02,2602,2597,SZ000670,0.0,0.004409400000000008,0.21304348,0.21304348,0.21304348,-0.025044084666666664,-0.01851662966,0.007750816913031191,0.00040614792039907443,7.864005492491906,0,0,0,0,0,0
2020-03-03,2605,2604,SZ000670,0.049335863,0.018616940000000026,0.24419889,0.24419889,0.194863027,0.06575455566666666,0.05456731597999999,0.007507283280685881,0.0004058483430135184,7.865159654431,0,0,1,1,1,1
2020-03-04,2617,2616,SZ002529,0.094527364,0.00020870000000006161,0.22165953,0.22165953,0.127132166,0.07720104800000001,0.0585119916,0.007064643497549525,0.00040012925035358236,7.869758847546522,0,0,1,1,1,1
2020-03-05,2640,2637,SZ002529,0.095454544,0.00527124000000001,0.30317163,0.30317163,0.20771708600000002,0.018070838000000002,0.032923332799999996,0.00741505414666787,0.00040138633345541876,7.87850658577187,0,0,0,0,0,0
2020-03-06,2647,2643,SZ002529,0.09543569,0.00850660000000003,0.23897237,0.23897237,0.14353667999999997,-0.05357823666666667,-0.0061254379999999995,0.006826838445199157,0.0003996441605769818,7.88115880117861,0,0,0,1,0,1
2020-03-09,2664,2664,SH600550,0.18141453,0.0009287000000000045,0.31668773,0.31668773,0.1352732,0.11716963933333331,0.05643288039999998,0.006357284779610735,0.0003937269423093787,7.887563721940028,0,1,0,1,0,1
2020-03-10,2672,2670,SZ000816,-0.058171745,0.01143464999999999,0.2631579,0.2631579,0.321329645,-0.013922467666666667,0.031208883399999998,0.006191287403294655,0.00039452575700766186,7.890563277482506,0,0,2,3,2,4
2020-03-11,2682,2682,SZ000816,-0.20882353,0.00469193999999995,0.17668207,0.17668207,0.3855056,-0.075124851,-0.05090599760000001,0.00619256460770545,0.0003898986077002197,7.8942988125178815,0,0,1,1,1,1
2020-03-12,2685,2684,SZ000670,0.4491018,0.0011101999999999501,0.4715909,0.4715909,0.022489099999999984,0.23358144333333333,0.272385262,0.005907025094603784,0.0003875970268923634,7.895418482125039,1,1,2,2,2,3
2020-03-13,2690,2684,SZ000816,-0.159375,0.016688900000000007,0.116388306,0.116388306,0.275763306,-0.07461032766666666,-0.07290879859999999,0.0063321750752558855,0.0003903153192620186,7.89727632273067,0,0,0,0,0,0
2020-03-16,2690,2686,SZ000816,0.111524165,0.019225900000000018,0.31171408,0.31171408,0.200189915,0.07967072333333333,0.0455290062,0.0067694353179969914,0.00039574725951162573,7.897273419501486,0,1,1,2,1,2
2020-03-17,2692,2689,SZ000816,-0.10033445,0.017533420000000022,0.19566339,0.19566339,0.29599784,-0.09383818866666667,-0.0824158824,0.006760857006447518,0.0003904425505453159,7.898016715197093,0,0,1,1,1,1
2020-03-18,2696,2696,SZ000816,0.0,0.012892009999999954,10.704324,10.704324,10.704324,-0.018706052666666664,-0.011932366199999999,0.007278687355252636,0.00039365410417375015,7.899497826824711,0,0,0,0,0,0
2020-03-19,2694,2694,SZ000816,-0.040892195,0.02175826000000003,0.19447708,0.19447708,0.235369275,-0.020337247,-0.005733294,0.007529503525980577,0.0003984359698159565,7.898753835449703,0,0,0,0,0,0
2020-03-20,2689,2688,SZ000816,-0.07751938,0.025940699999999928,0.31464738,0.31464738,0.39216675999999995,-0.027469266333333336,-0.029179109599999996,0.007704088739250178,0.0003980432402621172,7.896894796785011,0,0,0,0,0,0
2020-03-23,2687,2684,SZ000816,0.13025211,0.029115399999999902,0.16965127,0.16965127,0.03939915999999999,0.064998207,-0.0119242934,0.007604090927712813,0.00039987344832151557,7.8961514952258876,1,1,2,2,2,2
2020-03-24,2680,2677,SZ002623,0.044473946,0.0010510000000000241,0.18873128,0.18873128,0.14425733400000001,0.05021776,0.0380634232,0.008763351532230852,0.000399280884109528,7.893533399942031,0,0,0,0,0,0
2020-03-25,2672,2672,SH600744,0.0,0.013476849999999985,0.23907454,0.23907454,0.23907454,-0.0197854,-0.02272729,0.008316424150099436,0.00040172478191105316,7.8905476954717475,0,0,1,1,1,1
2020-03-26,2670,2670,SH600744,-0.06818182,0.005797199999999947,0.18387528,0.18387528,0.25205710000000003,-0.05053432900000001,-0.059629395800000005,0.007584789838237672,0.0003909626626958616,7.889804831209313,0,0,0,0,0,0
2020-03-27,2665,2665,SH600744,-0.103658535,0.03145909999999996,0.36297828,0.36297828,0.466636815,-0.0391946697,-0.06442883222,0.008245714921546687,0.0004035301434874879,7.887925126239875,0,0,0,0,0,0
2020-03-30,2663,2662,SH600744,-0.20408164,0.030992569999999997,0.21543163,0.21543163,0.41951327000000005,-0.10179399833333334,-0.086932349,0.0075603164835106595,0.0004048977979804444,7.887179812008997,0,0,0,0,0,1
2020-03-31,2647,2645,SH600734,0.008474576,0.0056860299999998976,0.15497495,0.15497495,0.146500374,0.013661041333333332,0.0083513062,0.007588647814724999,0.0003949746851392724,7.881153241454837,0,0,0,0,0,0
2020-04-01,2638,2638,SZ002466,0.040155705,0.005091950000000067,0.21301775,0.21301775,0.17286204500000002,0.037652367666666665,0.031168045999999998,0.007967567131415729,0.00039941791812639045,7.8777443732693175,0,0,0,0,0,0
2020-04-02,2608,2607,SH600734,-0.039054472,0.0010754400000000386,0.23455498,0.23455498,0.273609452,-0.013873481333333331,-0.0012468163999999984,0.008211737803361813,0.00040147342306711824,7.866304961933761,0,0,0,0,0,0
2020-04-03,2593,2590,SH603721,0.005895129,0.000849350000000082,0.26511627,0.26511627,0.259221141,0.005173599333333333,0.0155875024,0.007640244225681768,0.00040407529902848757,7.86054140721021,0,0,0,0,1,1
2020-04-07,2569,2567,SH600416,-0.00887574,0.000260000000000038,0.22485389,0.22485389,0.23372963,-0.010373834333333333,-0.0081903754,0.007220583003296498,0.000409218081760175,7.851245739874544,0,0,1,1,2,2
2020-04-08,2553,2551,SH600734,0.049837485,0.011086299999999993,0.22340259,0.22340259,0.173565105,0.0005242766666666669,-0.0019289148000000006,0.006633401144516178,0.0004112621598794348,7.845002288493416,0,0,1,1,1,1
2020-04-09,2535,2532,SH600734,-0.08255934,0.0003169400000000433,0.24368231,0.24368231,0.32624165,-0.020923589999999992,-0.04267378399999999,0.006523975946109895,0.0004157696881399902,7.837927507016342,0,0,1,1,3,4
2020-04-10,2515,2514,SZ000509,-0.12710911,0.015353300000000014,0.22672811,0.22672811,0.35383722,-0.061894328666666665,-0.05720773,0.006903095983711253,0.0004178856118408967,7.830004150671747,0,0,0,0,0,0
2020-04-13,2497,2496,SZ000509,0.020618556,0.015872050000000026,0.20018116,0.20018116,0.179562604,0.017891807,0.0074602776,0.007046958172715389,0.00042384799811638217,7.822820429100247,0,0,0,0,0,0
2020-04-14,2468,2468,SZ000509,-0.10227273,0.036904049999999966,0.1694153,0.1694153,0.27168802999999997,-0.08015286133333334,-0.0575474652,0.00727668598481753,0.0004420469863358753,7.811136886137671,0,0,0,1,0,1
2020-04-15,2452,2452,SZ000509,0.15893108,0.059370450000000075,0.1932299,0.1932299,0.03429882000000001,0.08240632433333334,0.03949007964,0.0074138449629076834,0.0004534715028042116,7.8046319202955,1,1,1,1,1,1
2020-04-16,2446,2444,SZ000509,-0.03883495,0.05426439999999999,0.1859545,0.1859545,0.22478945,-0.017047669533333334,-0.005280101519999999,0.007426653578361558,0.00045552890845023,7.8021818182205465,0,0,0,0,0,1
2020-04-17,2440,2438,SZ000509,-0.02020202,0.005399000000000043,0.16842376,0.16842376,0.18862578000000002,-0.02746412233333333,-0.022817617399999997,0.007222892769398768,0.00044797412482516097,7.799727110222734,0,0,0,0,0,0
2020-04-20,2432,2430,SH600744,-0.15185185,0.0037917000000000645,0.15585475,0.15585475,0.3077066,-0.09731008133333334,-0.07602561999999999,0.006667316472832893,0.000438224168952128,7.796447029046061,0,0,0,0,0,1
2020-04-21,2431,2430,SH600744,0.20524018,0.004046430000000045,0.3075495,0.3075495,0.10230931999999998,0.08633842733333331,0.06035711811999998,0.005989976214542016,0.0004375241794210965,7.796039896873031,1,1,1,1,2,2
2020-04-22,2438,2434,SZ000509,-0.046043165,0.02477079999999998,0.1741573,0.1741573,0.22020046499999998,-0.06858166166666667,-0.0508541594,0.005902349804250469,0.00044277630474870075,7.798915751229887,0,0,0,0,1,3
2020-04-23,2436,2434,SZ000509,0.07239819,0.017298099999999983,0.19117647,0.19117647,0.11877827999999999,-0.04783015833333334,-0.1047816618,0.006021178903289942,0.0004405184268176908,7.798094379969738,0,0,0,0,0,0
2020-04-24,2433,2432,SZ000509,-0.09001406,0.03133979999999992,0.18469657,0.18469657,0.27471063,-0.0795353,-0.0818282696,0.006135387153442124,0.00044764365334072344,7.79686136216697,0,0,0,0,0,0
2020-04-27,2434,2432,SZ000509,-0.14992271,0.01222873999999996,0.15310651,0.15310651,0.30302922,-0.25857919,-0.209988186,0.00654662807050762,0.0004433347055714328,7.797269654289546,0,0,0,0,1,1
2020-04-28,2437,2436,SH600744,0.23,0.008978199999999936,2.3524785,2.3524785,2.1224785,0.11023239800000001,0.032699288800000004,0.007441551145013131,0.00044923102480111724,7.798495073992447,1,1,2,2,2,2
2020-04-29,2424,2423,SH600734,0.16877638,0.0024676599999999826,0.219063,0.219063,0.050286620000000004,0.09940328666666666,0.06487952586,0.007398046454600894,0.0004490504974910077,7.793146746103113,1,1,1,2,1,2
2020-04-30,2430,2428,SH600744,0.13333334,0.017395159999999965,0.2737048,0.2737048,0.14037146000000003,0.04370802333333334,0.006739750400000003,0.007842660455272607,0.00046175557681612855,7.795615305919607,0,1,0,2,0,2
2020-05-06,2454,2452,SZ000509,0.09876543,0.01695846000000001,0.18304779,0.18304779,0.08428235999999999,0.05540547066666667,0.026344579400000002,0.00790154337227057,0.000451458871463023,7.80544313537525,0,1,0,2,0,2
2020-05-07,2455,2453,SZ000509,0.0917603,0.0016594300000000173,0.20909478,0.20909478,0.11733448,0.0328737879,0.03501771074,0.0076320309776944355,0.00044333446754414975,7.805852847896804,0,0,1,1,1,1
2020-05-08,2444,2443,SZ000509,-0.2212693,0.031176899999999952,0.20462634,0.20462634,0.42589564,-0.08223550433333333,-0.0788030228,0.006982746844600801,0.00045135607234789155,7.801366777626555,0,0,0,1,1,2
2020-05-11,2432,2432,SZ000509,-0.17841409,0.0031181000000000125,0.19924635,0.19924635,0.37766044,-0.07786864666666667,-0.06758690692,0.00656210060970748,0.0004431602868951118,7.796447623175947,0,0,2,2,2,2
2020-05-12,2424,2423,SZ000509,0.0,0.011437539999999968,0.33195022,0.33195022,0.33195022,0.15716170333333335,0.053110345400000016,0.006771465691293457,0.0004465398749190345,7.7931513889260975,0,0,2,3,2,3
2020-05-13,2415,2413,SH600744,0.23809524,0.006886339999999991,0.2600536,0.2600536,0.021958359999999982,0.16604961333333335,0.09832932560000002,0.007460460390756255,0.0004583942145638653,7.789426187596471,1,1,2,2,2,2
2020-05-14,2416,2413,SH600122,-0.16463415,0.013406200000000035,0.1907674,0.1907674,0.35540155,-0.12174130966666667,-0.07799484990000001,0.007297304387875862,0.0004673711339878777,7.789841394962689,0,0,0,0,0,1
2020-05-15,2418,2416,SZ000509,-0.11913358,0.01686489999999996,0.21728395,0.21728395,0.33641753,-0.05190631466666667,-0.1078115408,0.0076034079501770945,0.00046983429559953603,7.7906663550721795,0,0,0,0,0,0
2020-05-18,2413,2410,SZ000509,-0.65983605,0.014495009999999975,0.67449665,0.67449665,1.3343327,-0.022411983333333326,0.024367500000000007,0.007136983259065072,0.00046068709652228115,7.788600173976551,0,0,2,2,2,2
2020-05-19,2414,2412,SZ000509,0.97590363,0.02390375999999994,0.97590363,0.97590363,0.0,0.25422149833333335,0.13273486560000003,0.00722174234500974,0.0004574563833820394,7.789013945186229,1,1,2,2,3,4
2020-05-20,2403,2401,SH600146,-0.014285714,0.007672200000000018,0.4878049,0.130165,0.144450714,-0.08612319466666667,-0.04446080179999999,0.006847527524037538,0.0004538450535324658,7.7844496959718,0,0,2,2,2,4
2020-05-21,2400,2399,SH600734,-0.2626506,0.01379600000000003,0.21069692,0.21069692,0.47334752,-0.10499206,-0.10005121800000001,0.007288424727520052,0.0004795811697845898,7.783196928375064,0,0,1,2,1,2
2020-05-22,2409,2408,SZ000509,-0.4528302,0.03134119999999996,0.21888413,0.21888413,0.67171433,-0.14377549666666667,-0.1350272672,0.007331346255540892,0.00046073836457533057,7.786939720904223,0,0,1,1,1,1
2020-05-25,2397,2397,SZ000509,1.387931,0.036263930000000055,1.387931,1.387931,0.0,0.4782021733333333,0.33919855120000003,0.006700801602616665,0.00046001277482369076,7.781950464118075,1,1,3,3,4,4
2020-05-26,2383,2382,SH600052,0.010619469,0.009865200000000018,0.46308726,0.46308726,0.452467791,0.22093017966666664,0.1434582938,0.007056292924900086,0.0004552758179014351,7.77609020369017,0,0,2,2,2,2
2020-05-27,2354,2353,SZ000509,-0.1672355,0.004058769999999989,0.2459782,0.2459782,0.4132137,-0.10474716133333334,-0.0818710806,0.006854608997125065,0.00045848890895958176,7.763847450093284,0,0,0,0,0,0
2020-05-28,2354,2353,SH600146,0.033426184,0.006887079999999934,0.397541,0.397541,0.36411481599999995,0.19235908133333335,0.09703470480000001,0.006280898418744204,0.00045192920122912977,7.763851361843669,0,0,2,2,2,2
2020-05-29,2339,2338,SZ000509,0.0,0.0005078499999999764,0.24269663,0.24269663,0.24269663,-0.021468296666666668,-0.009881841140000002,0.006230796606909382,0.0004516193241266618,7.757459144094749,0,0,0,0,1,1
2020-06-01,2348,2340,SZ000760,-0.07526882,0.0029327000000000103,0.20718816,0.20718816,0.28245698,-0.009449333333333332,-0.008460276799999998,0.005991522434309876,0.00044993926925462424,7.761301028166755,0,0,0,0,0,0
2020-06-02,2358,2358,SZ000760,-0.10631229,0.00438046999999997,0.19193989,0.19193989,0.29825218,-0.022041106333333338,-0.031716147800000004,0.006179300131065112,0.0004477583256738785,7.76554983448313,0,0,1,1,1,2
2020-06-03,2375,2373,SH600122,0.09375,0.0016793000000000502,0.22748815,0.22748815,0.13373815,0.053033991999999995,0.0555478402,0.006046589307849573,0.0004443917650894539,7.772734342125222,0,0,0,1,3,4
2020-06-04,2388,2386,SH600734,0.36414567,0.02380609999999994,0.36414567,0.36414567,0.0,0.14197424,0.13977914,0.006596196786157772,0.0004472091740574123,7.778189987079825,1,1,3,3,3,3
2020-06-05,2393,2393,SH600734,0.21560575,0.026879199999999992,0.21560575,0.21560575,0.0,0.08694274666666668,0.07457882600000001,0.006973977158993673,0.00044925181398902615,7.780279227314072,1,1,3,3,3,3
2020-06-08,2395,2394,SH600734,0.19763513,0.012271939999999981,0.28708792,0.28708792,0.08945279,0.168843301,0.07209011359999999,0.006651015442611631,0.00044021617144023153,7.781116761413639,1,1,2,2,2,2
2020-06-09,2404,2401,SH600734,0.27785614,0.006095740000000016,0.27785614,0.27785614,0.0,0.07080518099999998,0.01834233099999999,0.006840443757707261,0.00044367687729199084,7.784866447084081,1,1,1,2,1,2
2020-06-10,2410,2409,SZ000509,0.28050712,0.038773959999999996,0.28050712,0.28050712,0.0,0.025939100000000003,-0.014110671999999996,0.006705229395893311,0.00045321897234321356,7.787359952069004,1,1,2,2,2,2
2020-06-11,2408,2407,SZ000509,0.23886138,0.003951400000000049,0.5075885,0.5075885,0.26872712,0.21816032333333335,0.1423288678,0.006578216569538071,0.000445976655954728,7.786530395935706,1,1,2,2,2,2
2020-06-12,2416,2414,SZ000509,-0.12787212,0.032942949999999915,0.24151857,0.24151857,0.36939069,-0.07686084333333333,-0.06570244820000001,0.0065164967708758745,0.00044811115417478595,7.789847697913219,0,0,0,0,0,0
2020-06-15,2417,2415,SZ000509,0.05498282,0.02713399999999999,0.194974,0.194974,0.13999118,0.06610813166666667,0.0407256762,0.005658547564326921,0.00044529566268344806,7.790266360864986,0,0,0,1,0,1
2020-06-16,2418,2414,SH600734,-0.10651828,0.019885420000000043,0.2137067,0.2137067,0.32022498,-0.042895255666666667,-0.012607752,0.005870698022879312,0.0004455100529945438,7.790678765111576,0,0,1,1,1,1
2020-06-17,2430,2429,SH600734,-0.11209965,0.015620700000000043,0.23896286,0.23896286,0.35106251,-0.017648515333333333,-0.012148422199999998,0.005876042905609864,0.00044820155925440034,7.795629148316824,0,0,0,1,0,1
2020-06-18,2440,2440,SZ000509,0.07285974,0.012198299999999995,0.17222223,0.17222223,0.09936249,-0.01042581333333333,-0.029359408006,0.005575537099233255,0.00043636066681102843,7.799737702744317,0,0,0,1,1,2
2020-06-19,2440,2440,SZ000509,0.17826825,0.019525440000000005,0.22782259,0.22782259,0.04955434,-0.00032437899999999964,-0.0267985506,0.005397171688253247,0.0004386768510477783,7.799738629214525,1,1,1,1,1,1
2020-06-22,2456,2455,SH600734,-0.14397906,0.015443949999999984,0.16969498,0.16969498,0.31367404,-0.07897284666666667,-0.059092161600000005,0.005176193197994641,0.0004327223426530309,7.806275776071557,0,0,0,0,0,0
2020-06-23,2461,2461,SH600734,-0.1529052,0.0013425499999999424,0.19547251,0.19547251,0.34837770999999995,-0.04673223366666666,-0.020300665199999995,0.0050037688021148125,0.0004261666201562616,7.808310450188385,0,0,0,1,0,1
2020-06-24,2452,2452,SZ002305,0.0,0.009659850000000025,0.20293325,0.20293325,0.20293325,-0.08552794666666667,-0.054440310000000006,0.004951471271698814,0.0004275814298992673,7.8046469920386246,0,0,0,0,0,0
2020-06-29,2456,2455,SZ002305,-0.105714284,0.0026947600000000183,0.20189607,0.20189607,0.30761035400000003,-0.125423056,-0.08409601180000001,0.004991873941124861,0.0004232118861896876,7.806276822886244,0,0,0,0,1,1
2020-06-30,2450,2449,SH600145,-0.050325133,0.050454639999999995,0.17765212,0.17765212,0.227977253,-0.08622187633333334,-0.015693694800000005,0.00557212458082279,0.0004459588115721793,7.8038277763714925,0,0,0,1,0,2
2020-07-01,2449,2447,SH600145,-0.048824053,0.04759035999999994,0.23996158,0.23996158,0.288785633,-0.07654985266666667,-0.026513065999999995,0.005276362754980742,0.0004450791823650519,7.803421045491118,0,0,1,1,1,1
2020-07-02,2460,2457,SH600145,-0.051330205,0.0013864000000000098,0.21148649,0.21148649,0.262816695,-0.058894645,-0.040839383800000004,0.005686057548937308,0.0004394524760160869,7.8079003808757275,0,0,0,0,0,0
2020-07-03,2470,2468,SH600734,0.13492064,0.0038229400000000524,0.23979816,0.23979816,0.10487752,-0.018561549999999993,-0.0031825737999999935,0.005420244803619968,0.0004246356257314225,7.811958751282566,0,0,0,0,0,0
2020-07-06,2519,2517,SH600734,-0.027972028,0.03796336,0.20577645,0.20577645,0.233748478,-0.030594309533333336,-0.03985458652,0.005545917597491037,0.00042526392923138655,7.831601892342846,0,0,0,0,0,0
2020-07-07,2558,2557,SH600734,0.5683453,0.009508139999999998,0.5683453,0.5683453,0.0,0.23067269233333335,0.13536470080000002,0.005432555954807751,0.00041391977338538455,7.846966216269081,1,1,1,1,1,1
2020-07-08,2601,2595,SH600744,0.030456852,0.04916506999999992,0.23404256,0.23404256,0.203585708,0.08560883600000001,0.0773165686,0.0058623634831927235,0.000415633591680882,7.863633974154131,0,0,0,2,0,2
2020-07-09,2633,2627,SH600734,-0.020725388,0.03605389999999997,0.30426717,0.30426717,0.324992558,-0.03921644600000001,-0.009299431800000004,0.00588545326427707,0.0004145741536247824,7.875861709927143,0,0,0,0,0,0
2020-07-10,2657,2651,SH600734,0.15343915,0.011890410000000018,0.21368948,0.21368948,0.06025032999999999,0.050786804666666664,0.04048502879999999,0.006104765046388209,0.00040390981384558525,7.8849342295588025,0,1,0,1,0,1
2020-07-13,2681,2678,SH603488,0.094145566,0.006706499999999949,0.21479714,0.21479714,0.120651574,-0.03444095466666667,0.016181641999999996,0.006397031213116852,0.00040076577874661914,7.893924605396365,0,0,1,1,1,1
2020-07-14,2711,2707,SH600734,-0.35449734,0.012369399999999975,0.16067329,0.16067329,0.51517063,-0.12775132666666666,-0.1082790028,0.006548104888158502,0.0003960548093100593,7.905051390786524,0,0,1,3,1,3
2020-07-15,2732,2730,SH600734,0.23770492,0.02717544999999999,0.35236937,0.35236937,0.11466445000000003,0.017219156099999994,-0.014043815740000003,0.006620609571926601,0.00039628258205078016,7.912767431536529,1,1,1,1,2,2
2020-07-16,2744,2744,SH600734,-0.026490066,0.02932334000000003,0.22458172,0.22458172,0.251071786,-0.020995471999999998,0.0008486414000000025,0.00616503610848749,0.00039550781996487635,7.9171529092105395,0,0,0,0,0,0
2020-07-17,2747,2745,SH600734,-0.17006803,0.03789690000000001,0.22108844,0.22108844,0.39115647,0.03468357166666666,0.047435176999999995,0.005985978972941584,0.0003976538185952753,7.918246650542407,0,0,1,1,1,1
2020-07-20,2753,2749,SH600734,0.13934426,0.017942199999999908,0.15738454,0.15738454,0.018040279999999992,0.05354046333333334,0.028749374799999998,0.005783410694145204,0.0003879814218402737,7.920429771055935,1,1,1,1,1,1
2020-07-21,2760,2758,SH600734,-0.035971224,0.031869999999999954,0.21345836,0.21345836,0.249429584,-0.023334047300000004,-0.013993664780000003,0.006101923392035233,0.00038743691757147053,7.922967334962271,0,0,1,1,1,1
2020-07-22,2762,2761,SH600734,-0.15671642,0.02880920000000009,0.21459854,0.21459854,0.37131495999999997,-0.018127143333333335,-0.012827637400000003,0.005817009373131031,0.00038946118281878893,7.9236933592084355,0,0,0,1,0,1
2020-07-23,2769,2767,SH600734,-0.07079646,0.019122259999999947,0.19405864,0.19405864,0.2648551,-0.037748869,-0.0366096756,0.005935630880987667,0.00038930379002548744,7.926223820453529,0,0,1,2,1,2
2020-07-24,2772,2771,SH600734,-0.31428573,0.038789370000000045,0.18058132,0.18058132,0.49486705,-0.108745154,-0.1017027556,0.00570782955103206,0.00039081596729008335,7.92730797175581,0,0,0,1,1,2
2020-07-27,2773,2770,SH600734,0.75,0.07142110000000002,0.75,0.75,0.0,0.28488064133333335,0.16972363840000002,0.006249796066250205,0.00040910035443030723,7.927665329052792,1,1,1,1,1,1
2020-07-28,2771,2770,SH600744,0.041666668,0.0052507000000000525,0.22144847,0.22144847,0.17978180200000002,-0.002659574,-0.0015229618,0.006400072471543576,0.0003994580901402578,7.926943025267516,0,0,0,0,0,0
2020-07-29,2775,2774,SH600734,0.0,0.0420030400000001,0.19666667,0.19666667,0.19666667,0.08296849233333332,0.056607304299999994,0.00631727279140849,0.00039350903782214223,7.928386061963564,0,0,1,1,1,1
2020-07-30,2778,2778,SH600734,0.0,0.04698369999999996,0.23020223,0.23020223,0.23020223,-0.016962808333333333,0.0018507410000000001,0.006044630628082866,0.0003927102919122854,7.929468276980621,0,0,0,0,0,0
2020-07-31,2779,2777,SH600734,0.06779661,0.04298699000000006,0.19316375,0.19316375,0.12536714,0.07631693266666667,0.06331583360000001,0.0055371457040443595,0.00038615547149625817,7.929831070195239,0,0,0,1,0,1
2020-08-03,2779,2775,SH600734,0.26984128,0.053568630000000006,0.26984128,0.26984128,0.0,0.059160156666666665,0.0583663708,0.0055999439165074424,0.0003934652846362238,7.929830637259636,1,1,1,1,1,2
2020-08-04,2774,2773,SH600734,-0.05625,0.028952949999999977,0.2160541,0.2160541,0.2723041,0.04755763666666666,0.0400365804,0.005663794715043113,0.0003853801082041674,7.928029495882004,0,0,0,0,1,1
2020-08-05,2770,2769,SH600734,0.39072847,0.016731660000000037,0.39072847,0.39072847,0.0,0.17052074666666664,0.09582335,0.005504086096661745,0.00038390057070422905,7.926587382959768,1,1,1,1,2,2
2020-08-06,2766,2765,SH600734,-0.21904762,0.02534040000000004,0.28013393,0.28013393,0.49918155,-0.07604128066666667,-0.0789915074,0.005425289576519627,0.00038703728779631094,7.925142707324386,0,0,1,1,1,1
2020-08-07,2760,2758,SH600734,-0.15243903,0.0039044500000000593,0.21144675,0.21144675,0.36388578,-0.007648844333333335,-0.0056815497999999996,0.0052735688371155715,0.0003786832971573406,7.922971999479566,0,0,0,0,1,1
2020-08-10,2761,2759,SH600734,-0.15107913,0.012892039999999994,0.2326962,0.2326962,0.38377532999999997,-0.024840033333333334,-0.0485093428,0.005255074035668795,0.00037875547353272165,7.923334355403889,0,0,0,0,0,0
2020-08-11,2753,2752,SH600734,0.21186441,0.026003600000000016,0.22999497,0.22999497,0.01813055999999999,0.015605799333333335,-0.018969574,0.005204789370769062,0.0003850476754624003,7.920432908066266,1,1,1,2,1,2
2020-08-12,2745,2745,SH600734,0.055944055,0.031565040000000044,0.21627297,0.21627297,0.16032891500000002,-0.01760262666666667,0.009204948939999999,0.005461289307895198,0.0003870424408386847,7.917521393915124,0,0,0,0,0,0
2020-08-13,2741,2741,SH600734,-0.026490066,0.014256570000000024,0.20082135,0.20082135,0.22731141600000002,-0.09762001399999999,-0.05230652139999999,0.005217404567418118,0.00038143568057753856,7.916064446117032,0,0,0,0,0,0
2020-08-14,2741,2740,SH600734,-0.027210884,0.011569599999999958,0.19100346,0.19100346,0.218214344,0.03406919866666667,0.0175429684,0.0052300403377157955,0.0003863790727289973,7.916064358300229,0,0,1,1,1,1
2020-08-17,2741,2741,SH600734,0.11888112,0.0062710000000000266,0.21486267,0.21486267,0.09598155,0.017082457333333332,0.0137698264,0.005330995119372383,0.0003888464641972262,7.916063800786823,0,0,0,0,0,0
2020-08-18,2736,2735,SH600734,-0.13125,0.03433653999999997,0.19661564,0.19661564,0.32786564,0.009571602666666667,0.033928112999999996,0.005355747689576479,0.00039548243556946657,7.914237833373421,0,0,1,2,1,2
2020-08-19,2738,2738,SH600734,-0.035971224,0.004193800000000025,0.24573378,0.24573378,0.28170500400000004,0.013340206666666665,-0.015671769600000003,0.00512090684673625,0.0003872443928387163,7.914969815117318,0,0,0,1,1,2
2020-08-20,2737,2735,SH600734,-0.029850746,0.0018198299999999668,0.19560379,0.19560379,0.225454536,0.022780134000000004,0.005899413600000002,0.0053299122834578345,0.00038984436196597025,7.914603424389673,0,0,0,0,1,1
2020-08-21,2733,2732,SH600734,-0.03076923,0.0019142999999999244,0.21300963,0.21300963,0.24377886,-0.0124182801,-0.009482466460000002,0.00516130486194206,0.00038764895068062796,7.913141797561969,0,0,1,1,1,1
2020-08-24,2731,2730,SZ000509,-0.13137496,0.00653583000000002,0.18265778,0.18265778,0.31403274000000003,-0.05555407216666667,-0.0514961153,0.004826438925513801,0.00038453941577169657,7.912411421237431,0,0,2,2,2,2
2020-08-25,2737,2735,SH600734,-0.24590164,0.031623159999999984,0.15964974,0.15964974,0.40555138,-0.07911350866666668,-0.0569568222,0.005001177943600961,0.00039387624731362095,7.91460511063975,0,0,0,0,0,0
2020-08-26,2737,2736,SH600734,0.18478261,0.04071106000000002,0.18478261,0.18478261,0.0,0.027580091333333334,0.0290975868,0.005160575038721523,0.00039552847490256993,7.914604291590431,1,1,2,2,2,2
2020-08-27,2744,2743,SH600734,-0.1559633,0.04092597999999992,0.24842767,0.24842767,0.40439097,-0.028414745333333335,-0.019172946799999997,0.005445399844321909,0.0003968340025691481,7.91715704303431,0,0,0,0,0,0
2020-08-28,2740,2737,SH600734,0.097826086,0.023068700000000053,0.1776028,0.1776028,0.079776714,0.03357857066666667,-0.008997262799999997,0.004973768383896268,0.0003858064731960753,7.9157007945027384,0,0,0,0,0,0
2020-08-31,2730,2728,SH600734,0.07920792,0.028194790000000025,0.19977637,0.19977637,0.12056845000000001,0.083089633,0.041828164699999996,0.00508083469346626,0.00039019846014515556,7.912043929561138,0,0,2,2,2,2
2020-09-01,2727,2727,SH600734,0.08256881,0.03739019999999993,0.2013889,0.2013889,0.11882009,0.041399780000000004,0.012549734000000002,0.0052845626608491484,0.00039434227663624944,7.910943344684886,0,1,0,1,1,2
2020-09-02,2722,2722,SH600734,-0.1779661,0.02705776999999998,0.16523772,0.16523772,0.34320382,-0.09462886833333334,-0.083772871,0.0048511102904717895,0.00039048816332755843,7.90911036416216,0,0,1,1,2,2
2020-09-03,2721,2721,SH600734,0.21649484,0.017965299999999962,0.21649484,0.21649484,0.0,0.08692606333333334,0.0691053328,0.004936879608251587,0.00038981100722822675,7.908742500182506,1,1,1,1,1,1
2020-09-04,2710,2709,SH600734,0.21186441,0.035894390000000054,0.21186441,0.21186441,0.0,0.06930099166666667,0.032642047800000004,0.004948355006895349,0.0003965859814938306,7.904691588136623,1,1,1,1,1,1
2020-09-07,2708,2708,SH600734,-0.14685315,0.011168599999999973,0.22875817,0.22875817,0.37561131999999997,0.024339403333333343,0.022471197160000005,0.0047046844948674385,0.0003892433490245805,7.903954502683519,0,0,1,1,1,2
2020-09-08,2706,2705,SH600744,0.095744684,0.004838699999999974,0.19417475,0.19417475,0.09843006600000001,0.014064429999999998,0.0106180778,0.0047054986574216135,0.0003842254094584876,7.90321568841241,0,1,0,1,1,2
2020-09-09,2700,2699,SH600734,-0.2542373,0.015551650000000028,0.19485001,0.19485001,0.44908731,-0.1851247533333333,-0.13488630019999998,0.004972163113089542,0.0003884068858494246,7.900994619582061,0,0,0,0,0,0
2020-09-10,2702,2702,SH600734,0.0,0.02903653000000006,0.24657534,0.24657534,0.24657534,0.016118019333333334,0.0278629248,0.005517881220195152,0.0003955253915593685,7.901732199392606,0,0,0,0,0,0
2020-09-11,2701,2700,SH600734,0.10227273,0.032190249999999976,0.16859123,0.16859123,0.0663185,0.004556506000000002,-0.000570121199999999,0.006136762902166176,0.0003966578188553665,7.901358443402039,0,1,1,2,1,2
2020-09-14,2690,2689,SH603718,0.019248739,0.0010632299999999706,0.15884079,0.15884079,0.139592051,0.007711316333333333,0.009032829000000001,0.005747001513417623,0.0003863341350765428,7.897279902472304,0,0,0,0,1,1
2020-09-15,2676,2676,SH600518,-0.13139209,0.00941550999999996,0.16808511,0.16808511,0.2994772,-0.05304796646666666,-0.042017659879999995,0.0055932051451094335,0.0003910561919073996,7.8920627057985415,0,0,0,0,0,0
2020-09-16,2662,2662,SZ002890,0.068704516,0.0012065599999999677,0.2024882,0.2024882,0.133783684,0.035922642,0.00044794119999999745,0.005477725409722997,0.0003895234833523203,7.886817933915379,0,0,0,0,0,0
2020-09-17,2653,2653,SZ002890,-0.025878508,0.00631589999999993,0.22193827,0.22193827,0.247816778,-0.014458658000000004,0.002415511859999998,0.004824873624000887,0.0003916601272814789,7.883434666443602,0,0,2,2,3,3
2020-09-18,2644,2643,SZ002890,-0.022651007,0.006156159999999966,0.1173913,0.1173913,0.140042307,0.003884374333333336,-0.009955390399999996,0.004620398139841884,0.00039278491338363687,7.880037484988298,0,0,1,1,1,1
2020-09-21,2634,2634,SH603557,0.09697733,0.0016779399999999889,0.20803522,0.20803522,0.11105788999999999,0.030046286333333335,0.0405977378,0.004364930368310047,0.0003938995873286692,7.8762493212335745,1,1,2,2,3,3
2020-09-22,2622,2621,SH603557,0.0040183696,0.004390700000000081,0.22608696,0.22608696,0.22206859040000002,0.015458508433333332,0.00563288434,0.0045730910815368125,0.0003990906133297407,7.871682162731957,0,0,1,1,1,1
2020-09-23,2604,2603,SZ002819,-0.048912067,0.01189960000000001,0.17824635,0.17824635,0.227158417,-0.08020827566666668,-0.061270712000000005,0.004414537592107116,0.0004004930927307784,7.864794222796073,0,0,0,0,1,2
2020-09-24,2597,2597,SH600744,-0.062962964,0.0040484600000000315,0.16795367,0.16795367,0.230916634,-0.022959671999999997,0.002533780800000002,0.004547120942680629,0.00039798970983838557,7.862101845662648,0,0,1,1,1,1
2020-09-25,2589,2588,SH600744,-0.023715414,0.010073099999999946,0.2338403,0.2338403,0.257555714,-0.022732523333333334,-0.0273936744,0.004463089081983282,0.0004010988565856926,7.8590169910907886,0,0,0,0,0,1
2020-09-28,2571,2570,SH600595,0.025477707,0.002085439999999994,0.16104183,0.16104183,0.135564123,0.019479751333333333,0.0224297007,0.005046742362106452,0.0004069373937888958,7.8520374102177435,0,0,0,0,0,0
2020-09-29,2555,2555,SH600744,0.023715414,0.00471566000000001,0.20091324,0.20091324,0.177197826,0.020968523633333333,0.00957506342,0.0053468124397533,0.00041004580915969747,7.845793167414559,0,0,0,0,0,0
2020-09-30,2531,2528,SH600744,0.13513513,0.021487329999999916,0.21320371,0.21320371,0.07806858,0.016943858666666662,0.010239022599999998,0.005454829111508675,0.0004169251395069806,7.836354846548638,1,1,1,1,1,1
2020-10-09,2516,2514,SH600744,0.040816326,0.01854710000000004,0.12242744,0.12242744,0.081611114,0.06387000666666666,0.046919180399999996,0.00528928534020367,0.000419066012607305,7.830411564416235,0,0,1,2,1,2
2020-10-12,2491,2490,SH600744,0.48039216,0.009185670000000035,0.48039216,0.48039216,0.0,0.12317803999999999,0.09496032419999999,0.005106670788012731,0.00041947605480047726,7.820426400939246,1,1,2,3,2,3
2020-10-13,2470,2468,SH603076,0.02432907,0.00032624000000003317,0.17502987,0.17502987,0.1507008,-0.001825868333333332,-0.0510387794,0.00462146986795846,0.0004221836496139709,7.811962713333735,0,0,0,0,1,1
2020-10-14,2436,2435,SH600744,-0.017910447,0.018192399999999997,0.15083799,0.15083799,0.168748437,-0.05521411566666667,-0.032182998539999993,0.004586588344710978,0.00043129715186454614,7.798102077892121,0,0,0,0,0,0
2020-10-15,2389,2389,SH600744,-0.036474165,0.01090466000000001,0.15440598,0.15440598,0.190880145,-0.04582761999999999,-0.025172395999999996,0.004671228922053002,0.00043547089126962167,7.7786192159371454,0,0,0,0,1,1
2020-10-16,2347,2347,SH600744,-0.01577287,0.00032079999999989894,0.11304348,0.11304348,0.12881635,-0.06319663166666667,-0.043348009,0.0047391376853314696,0.0004445164439520056,7.760881926632502,0,0,0,0,1,1
2020-10-19,2329,2329,SH600744,-0.01923077,0.012233739999999993,0.2005876,0.2005876,0.21981837,0.020324394,0.0089078656,0.004415654157570669,0.0004471385114024656,7.753184491825093,0,0,0,0,0,0
2020-10-20,2322,2322,SZ000692,-0.08109339,0.009505199999999991,0.093916126,0.093916126,0.175009516,-0.04998145033333334,-0.041361666000000005,0.004249968466627746,0.00044345802206038887,7.750175116109249,0,0,0,0,0,0
2020-10-21,2307,2307,SH600744,-0.021276595,0.006755660000000052,0.11114333,0.11114333,0.132419925,-0.022819935,-0.0156517342,0.004350035733617362,0.0004477328690586644,7.7436937754621535,0,0,0,0,0,0
2020-10-22,2300,2300,SH603378,-0.028090892,0.00799570000000005,0.17033494,0.17033494,0.198425832,-0.023466195333333332,-0.0487126842,0.004242363306303992,0.00044879872691397686,7.740655381054502,0,0,0,0,0,1
2020-10-23,2290,2290,SZ002977,0.023824856,9.773000000001808e-05,0.13138686,0.13138686,0.10756200399999999,0.010378957666666667,0.001245292500000001,0.004420142502067808,0.00044959574968740683,7.736297296601433,0,0,0,1,0,1
2020-10-26,2279,2279,SH600744,-0.115384616,0.011112649999999946,0.12590674,0.12590674,0.24129135599999998,-0.013005095999999999,0.0034577946000000012,0.004498017383492776,0.00045580941031373454,7.731481874127265,0,0,1,1,1,1
2020-10-27,2266,2266,SZ002977,-0.044474393,0.0021204899999999194,0.118003026,0.118003026,0.162477419,-0.028956629333333334,-0.0326933022,0.004623409348968581,0.00045540875565592355,7.72576071647399,0,0,0,0,0,0
2020-10-28,2249,2249,SH600744,0.02173913,0.0070312099999999544,0.14879356,0.14879356,0.12705443,0.043100877333333336,0.02952622444,0.0044455847750420685,0.0004613793970531122,7.718231034795487,0,0,0,1,0,1
2020-10-29,2249,2249,SH600609,-0.062216338,0.010767439999999961,0.10793308,0.10793308,0.170149418,-0.05027016533333334,-0.0426585412,0.004484108448977236,0.0004612921033512171,7.718230867596964,0,0,0,0,0,0
2020-10-30,2259,2258,SH600609,0.0029239766,0.0012824700000000355,0.33142856,0.33142856,0.3285045834,0.05034987986666667,0.059009141919999994,0.004940934995367724,0.00046261634990323297,7.722665267089976,0,0,0,2,1,3
2020-11-02,2267,2266,SH600744,0.040816326,0.0038673999999999653,0.21034743,0.21034743,0.169531104,0.07250895433333333,0.041277529,0.0055410511333052045,0.00046235868204610146,7.726197236310938,0,0,1,1,1,2
2020-11-03,2281,2280,SH600744,0.019607844,0.003514999999999935,0.26050916,0.26050916,0.24090131600000003,0.08929486266666666,0.055971280400000004,0.0057390877381504665,0.0004575862125157659,7.73235269603379,0,0,1,1,1,1
2020-11-04,2286,2285,SH600744,0.15064102,0.0036525400000000374,0.15064102,0.15064102,0.0,0.038182219999999996,0.02989223,0.0054185435168277825,0.0004580616834171519,7.7345441095446965,1,1,1,2,1,2
2020-11-05,2297,2296,SH600744,0.17827298,0.008013159999999964,0.17827298,0.17827298,0.0,0.0523417293,0.03556144598,0.005228192122662927,0.00045568075689973524,7.739345484148153,1,1,2,2,2,2
2020-11-06,2290,2289,SH600744,0.014184397,0.007853699999999963,0.19388095,0.19388095,0.179696553,0.0179422898,0.01447690648,0.004978928244758061,0.00045894873611261263,7.736294692748359,0,0,1,1,2,2
2020-11-09,2293,2289,SH600744,-0.14918415,0.0038671500000000414,0.124709524,0.124709524,0.273893674,-0.0258446,-0.0036432549999999993,0.004904446927226285,0.00045934242838489674,7.737604299651153,0,0,2,2,2,2
2020-11-10,2299,2298,SZ000816,0.19412942,0.014351479999999972,0.19412942,0.19412942,0.0,0.10729474666666666,0.052348299399999985,0.005584037435937184,0.00045791488367472944,7.740214263986286,1,1,2,4,2,5
2020-11-11,2301,2300,SZ000816,0.15139665,0.017248630000000098,0.16914436,0.16914436,0.01774771,0.0007366879999999946,0.011573746799999996,0.005569917352004837,0.0004571291352749319,7.74108397938874,1,1,1,1,1,1
2020-11-12,2314,2313,SZ000816,-0.14871421,0.01391313999999999,0.21349706,0.21349706,0.36221127,-0.06062308646666668,-0.04820783908,0.005415623723872224,0.00045350957469115696,7.746718517529589,0,0,0,0,0,0
2020-11-13,2311,2310,SZ000816,0.08720433,0.013671639999999985,0.3369863,0.3369863,0.24978197000000002,0.0010675476666666638,0.018140856299999997,0.005186226046269648,0.0004534497713622231,7.745422307648404,0,0,1,1,1,1
2020-11-16,2318,2318,SZ000622,-0.09418283,0.00010758999999993524,0.17347284,0.17347284,0.26765567,-0.13722508666666666,-0.0837562522,0.005189414247653583,0.0004450645810663949,7.748446755781503,0,0,0,1,0,1
2020-11-17,2337,2335,SH600609,-0.027837954,0.00493413999999992,0.23311749,0.23311749,0.26095544400000004,0.042717626333333335,0.0331371592,0.005033384796028081,0.00044339180949075395,7.756610826834564,0,0,1,1,1,1
2020-11-18,2347,2347,SH600609,0.0,0.007155850000000075,0.1889303,0.1889303,0.1889303,-0.0044810633333333336,-0.0188259284,0.005034546688191587,0.00044037787619904945,7.760880653581841,0,0,0,0,0,0
2020-11-19,2363,2363,SZ002919,0.020767888,0.0015186000000000366,0.32854888,0.32854888,0.307780992,0.049814366000000006,0.06197593920000001,0.005329994704735192,0.0004376360613005606,7.767673293591022,0,0,1,3,1,3
2020-11-20,2374,2373,SZ002919,-0.025987348,0.006348780000000054,0.22532588,0.22532588,0.251313228,-0.019865721,-0.0120611846,0.0054255789678476826,0.0004405712777919163,7.772317061657268,0,0,0,0,0,0
2020-11-23,2393,2392,SZ002919,0.0031595577,0.005151400000000028,0.17569546,0.17569546,0.1725359023,0.001269783899999997,-0.01584813842,0.004760016310664765,0.0004336394107030408,7.780291724104554,0,0,0,0,0,1
2020-11-24,2407,2407,SH600744,0.36603773,0.0007085600000000802,0.36603773,0.36603773,0.0,0.10439344,0.04054727140000001,0.004574498641366161,0.00042731690915299075,7.786125953022085,1,1,1,2,1,3
2020-11-25,2421,2420,SH600595,-0.053837344,0.0010287999999999409,0.30939227,0.15295096,0.206788304,-0.03493504336666667,-0.03440890742,0.004595657344127424,0.00042694729232769764,7.791925373302076,0,0,1,1,1,1
2020-11-26,2433,2430,SZ000573,-0.013466851,0.0021157299999999823,0.2389937,0.2389937,0.252460551,-0.004488950333333333,0.0120833576,0.004581907447891042,0.0004232008930946339,7.796869833141576,0,0,0,1,0,1
2020-11-27,2431,2431,SH600744,0.056634303,0.0033310600000000523,0.2219304,0.2219304,0.165296097,0.038085953666666665,0.008963998719999998,0.004890918577391675,0.0004254310124844791,7.796045998797025,0,0,0,1,1,2
2020-11-30,2431,2430,SH600744,-0.099540584,0.0001229300000000766,0.25768086,0.25768086,0.357221444,-0.00028979600000000075,0.0157984552,0.004678104807995104,0.00042510819102111917,7.7960470112489535,0,0,1,1,1,1
2020-12-01,2443,2440,SZ000692,-0.036566786,0.0026522900000000016,0.25515744,0.25515744,0.29172422600000003,-0.041903678,-0.0495971758,0.00482076593759841,0.00042197997607072696,7.800970446073826,0,0,0,1,0,1
2020-12-02,2449,2446,SZ002510,-0.097953215,0.0037551999999999586,0.26612306,0.26612306,0.364076275,-0.007911277,-0.02051969372,0.004636377517232889,0.00041958580006130913,7.803424309064637,0,0,0,1,0,1
2020-12-03,2452,2451,SH600707,-0.17688267,0.005121799999999954,0.23099078,0.23099078,0.40787344999999997,-0.034273789,-0.0375439969,0.004853415816643789,0.00042176320653819965,7.804647532997245,0,0,0,0,0,1
2020-12-04,2452,2449,SH600707,-0.022340426,0.006568839999999909,0.30131578,0.30131578,0.323656206,-0.004600531666666667,0.005977074400000001,0.00493055650731399,0.0004227662737397841,7.804647138521556,0,0,1,1,2,3
2020-12-07,2447,2446,SH600744,0.037815128,0.002397360000000015,0.18108755,0.18108755,0.143272422,-0.071977794,-0.0685745914,0.004678248365532364,0.0004228451287910627,7.802607099045422,0,0,1,1,1,1
2020-12-08,2440,2439,SH600744,-0.13157895,0.006320760000000036,0.20197904,0.20197904,0.33355798999999997,-0.047002096333333326,-0.030695240799999995,0.004585294249495719,0.000423800575999019,7.799742778983749,0,0,0,1,0,1
2020-12-09,2446,2445,SH603025,0.08829031,0.002159330000000015,0.21764706,0.21764706,0.12935675000000002,0.057975685,0.007468313000000002,0.00459130568332049,0.0004247708493788306,7.802198741627563,0,0,0,0,0,2
2020-12-10,2454,2453,SH600744,0.06401766,0.012921100000000019,0.21910828,0.21910828,0.15509061999999998,0.038433731666666665,0.014533053399999999,0.004862724676395732,0.0004294181331312439,7.805462763529652,0,1,1,2,1,2
2020-12-11,2453,2453,SH603655,0.15508236,0.00957740000000007,0.19253024,0.19253024,0.03744787999999999,0.08158570999999999,0.042385826599999996,0.004831591227643761,0.00042703553484443516,7.805055328658035,1,1,2,2,2,2
2020-12-14,2454,2453,SH600744,-0.047717843,0.004583600000000021,0.15979157,0.15979157,0.207509413,0.049244739,0.0383143002,0.0050394083692482244,0.00042703000843400074,7.805461885798469,0,0,1,3,1,3
2020-12-15,2438,2438,SH603025,0.09115068,0.0004075000000000051,0.18055555,0.18055555,0.08940487000000001,0.053432586666666664,0.007782538599999997,0.005135854266226084,0.000429307029659871,7.798920040587069,0,1,1,2,1,2
2020-12-16,2436,2435,SH603655,0.0806827,0.008120550000000004,0.33976835,0.33976835,0.25908565,0.17083715,0.10272062880000002,0.005598368891106908,0.00044618427789199394,7.798096773507936,0,0,1,1,1,1
2020-12-17,2439,2438,SZ000995,-0.023397762,0.02531574000000003,0.1955459,0.1955459,0.21894366199999998,0.069215696,0.0357525504,0.005761309722213757,0.0004428181198872313,7.79932663932629,0,0,1,1,1,1
2020-12-18,2435,2433,SZ000995,-0.114930555,0.04334889999999991,0.19165379,0.17502947,0.289960025,-0.038082789,-0.033021797000000006,0.005534104004733832,0.0004510887584803096,7.797686531733038,0,0,1,1,1,1
2020-12-21,2426,2426,SZ000995,0.02530404,0.021738539999999973,0.18902512,0.18902512,0.16372108,0.018545468333333332,-0.0063606256,0.0053380789056249245,0.0004427982439507681,7.793984726043476,0,0,0,1,0,1
2020-12-22,2423,2422,SZ000995,-0.06849053,0.03554689999999994,0.23041475,0.23041475,0.29890528,-0.04265447233333333,-0.032168691272,0.005351406490699804,0.0004448822405584274,7.792747289084522,0,0,0,0,0,0
2020-12-23,2411,2410,SZ000995,-0.14520435,0.02477219999999991,0.16899696,0.16899696,0.31420131,-0.04054890466666666,-0.055756177799999994,0.005369889412876524,0.0004423265749082917,7.787782374285496,0,0,0,1,0,1
2020-12-24,2406,2406,SZ000995,-0.02426718,0.013165700000000058,0.19417475,0.19417475,0.21844193,0.005297177333333333,0.035440807500000004,0.005717313736052482,0.00043890801752454405,7.785704477408253,0,0,2,3,2,3
2020-12-25,2405,2405,SZ000692,0.0,0.0068004299999999684,0.25239617,0.25239617,0.25239617,-0.03211181166666666,0.0019592944,0.0060805757672917436,0.0004346678803355374,7.78528662141554,0,0,0,0,2,3
2020-12-28,2404,2404,SZ002862,0.009457755,0.0028635399999999978,0.18425636,0.18425636,0.174798605,-0.019546415666666667,-0.0448519242,0.006171185933023926,0.00043360169735668345,7.784870154475023,0,0,0,0,0,1
2020-12-29,2396,2395,SH600731,0.047818586,0.003125790000000017,0.25069827,0.25069827,0.202879684,0.02094882921666667,0.015244301930000004,0.006138000077864487,0.00043530487771386233,7.781537027445566,0,0,0,0,1,1
2020-12-30,2388,2388,SZ000813,0.15314402,0.002403329999999926,0.20060574,0.20060574,0.04746172000000001,0.04298838733333333,0.03133380079999999,0.006227269470815499,0.00044373933633249334,7.778191945867469,1,1,1,1,1,1
